dahn,01100100011000010110100001101110
nbam,01101110011000100110000101101101
rmql,01110010011011010111000101101100
vuup,01110110011101010111010101110000
dtye,01100100011101000111100101100101
nrld,01101110011100100110110001100100
pwfv,01110000011101110110011001110110
gwcu,01100111011101110110001101110101
fdra,01100110011001000111001001100001
exif,01100101011110000110100101100110
boea,01100010011011110110010101100001
qkyo,01110001011010110111100101101111
esuc,01100101011100110111010101100011
mvzk,01101101011101100111101001101011
pbns,01110000011000100110111001110011
evdx,01100101011101100110010001111000
qwpy,01110001011101110111000001111001
yphy,01111001011100000110100001111001
cmda,01100011011011010110010001100001
eqit,01100101011100010110100101110100
qypb,01110001011110010111000001100010
xjpg,01111000011010100111000001100111
rzkn,01110010011110100110101101101110
xcch,01111000011000110110001101101000
vvvt,01110110011101100111011001110100
jhjh,01101010011010000110101001101000
quqo,01110001011101010111000101101111
kpul,01101011011100000111010101101100
muam,01101101011101010110000101101101
whjf,01110111011010000110101001100110
vouu,01110110011011110111010101110101
yvir,01111001011101100110100101110010
dioc,01100100011010010110111101100011
ltpw,01101100011101000111000001110111
khvn,01101011011010000111011001101110
puki,01110000011101010110101101101001
taxj,01110100011000010111100001101010
ltag,01101100011101000110000101100111
xyie,01111000011110010110100101100101
tytu,01110100011110010111010001110101
whis,01110111011010000110100101110011
wnuj,01110111011011100111010101101010
swdi,01110011011101110110010001101001
phed,01110000011010000110010101100100
catu,01100011011000010111010001110101
qtzt,01110001011101000111101001110100
loqs,01101100011011110111000101110011
wkph,01110111011010110111000001101000
wlwe,01110111011011000111011101100101
xpjp,01111000011100000110101001110000
grtw,01100111011100100111010001110111
gjzi,01100111011010100111101001101001
cbkv,01100011011000100110101101110110
vjvx,01110110011010100111011001111000
pzxo,01110000011110100111100001101111
jirp,01101010011010010111001001110000
uaqn,01110101011000010111000101101110
peyv,01110000011001010111100101110110
farq,01100110011000010111001001110001
hkyd,01101000011010110111100101100100
gyoe,01100111011110010110111101100101
szve,01110011011110100111011001100101
taws,01110100011000010111011101110011
aqpm,01100001011100010111000001101101
xypt,01111000011110010111000001110100
laeq,01101100011000010110010101110001
izze,01101001011110100111101001100101
oisj,01101111011010010111001101101010
rmkg,01110010011011010110101101100111
awyc,01100001011101110111100101100011
lafx,01101100011000010110011001111000
mzuz,01101101011110100111010101111010
pzct,01110000011110100110001101110100
ufex,01110101011001100110010101111000
fqyj,01100110011100010111100101101010
mfud,01101101011001100111010101100100
dqvs,01100100011100010111011001110011
ewqn,01100101011101110111000101101110
sowu,01110011011011110111011101110101
zmll,01111010011011010110110001101100
peef,01110000011001010110010101100110
behf,01100010011001010110100001100110
imca,01101001011011010110001101100001
cxtj,01100011011110000111010001101010
ajlw,01100001011010100110110001110111
kcks,01101011011000110110101101110011
qqbc,01110001011100010110001001100011
heyg,01101000011001010111100101100111
znlh,01111010011011100110110001101000
ncot,01101110011000110110111101110100
zppn,01111010011100000111000001101110
gwov,01100111011101110110111101110110
bytx,01100010011110010111010001111000
dhtq,01100100011010000111010001110001
bpdd,01100010011100000110010001100100
diva,01100100011010010111011001100001
fgmo,01100110011001110110110101101111
rhyd,01110010011010000111100101100100
bnux,01100010011011100111010101111000
wneu,01110111011011100110010101110101
bmio,01100010011011010110100101101111
nift,01101110011010010110011001110100
